x0,y0,x1,y1,w,h,diff_fill,changed,alpha,white,dark,id
3196,6,3446,121,250,115,0.8896,25576,9245,5982,3043,0
3450,32,3526,151,76,119,0.949,8583,5188,2163,2735,1
3801,35,3927,102,126,67,0.9964,8412,4561,1855,2536,2
3530,70,3605,186,75,116,0.9575,8330,5002,1993,2798,3
3609,70,3684,186,75,116,0.9992,8693,4808,1906,2746,4
4000,78,4067,202,67,124,0.9995,8304,4858,1874,2798,5
3688,87,3758,209,70,122,0.9603,8201,4856,1805,2682,6
3832,108,3899,234,67,126,0.9723,8208,4967,1971,2870,7
3247,139,3430,230,183,91,0.9106,15164,9767,2986,5427,8
3526,190,3616,290,90,100,0.9982,8984,4419,1912,2329,9
3976,206,4093,277,117,71,0.9949,8265,5020,1828,2992,10
3620,213,3733,290,113,77,0.9814,8539,4696,1855,2678,11
3737,238,3848,315,111,77,1.0,8547,4589,1809,2587,12
3093,247,3184,337,91,90,0.3757,3077,4267,406,3673,13
3852,281,3979,347,127,66,0.9982,8367,4806,1916,2679,14
3983,282,4067,381,84,99,0.937,7792,4349,1478,2735,15
3624,319,3748,389,124,70,0.9949,8636,5028,1846,3003,16
3752,351,3872,422,120,71,0.981,8358,4951,1940,2669,17
3348,369,3473,439,125,70,0.9757,8537,5132,1983,2784,18
3477,377,3597,452,120,75,0.9826,8843,5032,1829,2945,19
3876,385,3994,456,118,71,0.9799,8210,4960,1846,2888,20
3998,386,4075,484,77,98,0.9282,7004,4269,1511,2619,21
3694,426,3816,497,122,71,0.9619,8332,4964,1807,2808,22
3443,456,3515,581,72,125,0.9648,8683,5033,1809,2849,23
3820,460,3932,536,112,76,0.9987,8501,4530,1856,2496,24
3519,484,3591,607,72,123,0.9774,8656,4963,1808,2815,25
3936,488,4054,559,118,71,0.9759,8176,4811,1845,2735,26
3595,496,3670,614,75,118,0.9441,8355,5301,2138,2844,27
3674,501,3745,624,71,123,0.9533,8325,4911,1807,2751,28
3132,513,3316,648,184,135,0.969,24070,11503,601,10354,29
3749,540,3819,662,70,122,0.9643,8235,4891,1808,2757,30
3320,547,3403,657,83,110,0.9714,8869,5274,1576,2963,31
3823,550,3899,662,76,112,0.9834,8371,4886,1708,2990,32
3976,563,4044,686,68,123,0.9677,8094,4852,1860,2766,33
3407,585,3483,704,76,119,0.9444,8541,5157,2163,2667,34
3487,611,3576,712,89,101,0.9869,8871,4498,1872,2482,35
3580,618,3655,736,75,118,0.9892,8754,5137,2139,2810,36
2430,646,2579,719,149,73,0.9677,10526,6010,2018,3470,37
2583,646,2768,756,185,110,0.8273,16835,6407,1609,4141,38
2965,652,3146,774,181,122,0.9326,20594,10501,307,9884,39
3240,661,3321,774,81,113,0.9962,9118,4617,1896,2554,40
3745,666,3860,742,115,76,0.9832,8593,5609,1864,3145,41
3864,690,3982,762,118,72,0.9814,8338,4962,1846,2892,42
3986,690,4090,769,104,79,0.9825,8072,4847,2253,2422,43
3325,708,3448,782,123,74,0.9946,9053,5324,1920,3197,44
3452,716,3571,792,119,76,0.935,8456,5139,2160,2706,45
3575,740,3693,816,118,76,0.9676,8677,4848,1681,2985,46
3813,766,3931,840,118,74,0.9801,8558,4905,1853,2821,47
2989,812,3138,964,149,152,0.9473,21455,9179,294,8823,48
3465,820,3590,892,125,72,0.9982,8984,4851,1810,2818,49
3594,829,3719,900,125,71,0.9899,8785,4816,1933,2687,50
3723,844,3845,916,122,72,0.9664,8489,4933,1813,2774,51
3849,846,3965,921,116,75,0.9814,8538,4796,1906,2747,52
3969,888,4032,1016,63,128,0.9882,7969,4934,1784,2915,53
3349,896,3474,969,125,73,0.9719,8869,5000,1808,2825,54
3478,904,3603,976,125,72,0.9981,8983,4874,1809,2842,55
3607,920,3727,994,120,74,0.9998,8878,4735,1905,2623,56
3731,925,3854,996,123,71,0.9555,8344,4900,1808,2760,57
2417,941,2631,1057,214,116,0.9907,24593,5422,1964,3252,58
2828,968,2989,1110,161,142,0.8839,20207,10145,551,9227,59
3341,973,3456,1053,115,80,0.9767,8986,4907,1854,2917,60
3460,980,3585,1053,125,73,0.9763,8909,5023,1808,2816,61
3589,998,3714,1070,125,72,0.9809,8828,4928,1921,2782,62
3718,1000,3841,1072,123,72,0.9711,8600,4970,1805,2789,63
3845,1020,3973,1083,128,63,0.9909,7991,4954,1786,2938,64
3085,1030,3181,1129,96,99,0.9983,9488,4652,1983,2462,65
3185,1055,3302,1136,117,81,0.9706,9198,5565,2144,3119,66
3306,1057,3422,1137,116,80,0.9874,9163,4834,1820,2828,67
3426,1057,3538,1140,112,83,0.9593,8918,5235,1899,3119,68
3542,1074,3667,1147,125,73,0.9703,8854,4992,1808,2802,69
3671,1076,3796,1148,125,72,0.974,8766,5019,1810,2809,70
3800,1087,3921,1154,121,67,0.9698,7862,4694,1841,2639,71
2472,1088,2643,1267,171,179,0.9385,28728,16099,289,15739,72
3103,1140,3220,1221,117,81,0.9786,9274,5180,2076,2921,73
3346,1144,3463,1223,117,79,0.9936,9184,4758,1876,2685,74
3467,1151,3592,1224,125,73,0.9723,8872,5011,1810,2844,75
3596,1152,3716,1228,120,76,0.9308,8489,5041,2161,2624,76
2972,1213,3066,1316,94,103,0.998,9663,4784,1979,2623,77
3372,1228,3497,1301,125,73,0.9664,8818,4969,1808,2821,78
3501,1232,3626,1305,125,73,0.973,8879,5049,1808,2894,79
2693,1274,2860,1409,167,135,0.9486,21386,10847,614,9679,80
2864,1291,2946,1413,82,122,0.9681,9685,5574,2196,3200,81
3573,1367,3698,1432,125,65,0.999,8117,4867,1860,2795,82
3124,1392,3249,1469,125,77,0.9689,9326,5053,2113,2628,83
3253,1394,3377,1469,124,75,0.9998,9298,5009,1855,2952,84
3381,1397,3506,1470,125,73,0.9981,9108,4853,1810,2823,85
2073,1413,2130,1503,57,90,0.5593,2869,3724,121,3548,86
2637,1413,2804,1548,167,135,0.975,21981,10611,601,9461,87
2808,1417,2885,1547,77,130,0.9885,9895,5342,1576,3301,88
3510,1436,3635,1501,125,65,0.9986,8114,4867,1860,2799,89
2889,1449,2968,1574,79,125,0.9947,9823,5264,1963,3129,90
3067,1473,3146,1595,79,122,0.9357,9018,5100,1962,2966,91
3232,1473,3362,1533,130,60,0.9701,7567,4973,1908,2811,92
3150,1495,3228,1618,78,123,0.9952,9548,4887,1894,2813,93
3232,1537,3313,1655,81,118,0.9824,9390,5537,2140,3125,94
3317,1540,3400,1655,83,115,0.9995,9540,4785,1894,2728,95
1881,1548,2065,1640,184,92,0.9607,16262,10691,360,9936,96
2808,1551,2885,1681,77,130,0.9994,10004,5107,1895,3004,97
2635,1552,2804,1649,169,97,0.9754,15989,6168,1755,4206,98
2447,1556,2631,1647,184,91,0.9167,15350,9265,3585,4512,99
3492,1574,3554,1705,62,131,0.9903,8043,5034,1924,2904,100
2889,1578,2970,1700,81,122,0.9503,9391,5274,2090,2864,101
3558,1582,3621,1710,63,128,0.9882,7969,4974,1784,2962,102
2974,1591,3055,1712,81,121,0.9982,9783,4921,1853,2879,103
3059,1599,3140,1720,81,121,0.9497,9308,5238,2091,2829,104
2055,1647,2276,1767,221,120,0.8027,21288,6040,3006,2893,105
2280,1651,2477,1780,197,129,0.8551,21730,7577,4518,2557,106
2481,1653,2649,1782,168,129,0.9844,21333,5984,1917,3821,107
3323,1676,3405,1792,82,116,0.9878,9396,5488,2143,3085,108
2736,1685,2815,1812,79,127,0.9675,9707,5420,1962,3257,109
2819,1704,2901,1826,82,122,1.0,10004,4778,1879,2768,110
3409,1707,3473,1835,64,128,0.9998,8190,4958,1825,2890,111
3477,1709,3542,1835,65,126,0.9984,8177,4901,1860,2837,112
3546,1714,3609,1842,63,128,0.9885,7971,4954,1786,2942,113
2905,1716,2986,1838,81,122,0.9505,9393,5320,2074,2871,114
2990,1724,3071,1845,81,121,0.9496,9307,5237,2090,2811,115
3075,1751,3161,1864,86,113,0.9772,9496,5662,1876,3530,116
3165,1765,3248,1881,83,116,0.9997,9625,5072,1787,3158,117
2489,1788,2649,1906,160,118,0.8762,16542,6736,3767,2697,118
2653,1816,2750,1921,97,105,0.9955,10139,5202,1799,3202,119
2754,1830,2833,1957,79,127,0.9842,9874,4849,1966,2707,120
3350,1839,3475,1905,125,66,0.9992,8243,4877,1863,2814,121
2837,1842,2924,1957,87,115,0.9848,9853,4879,1816,2878,122
3479,1846,3596,1916,117,70,0.9477,7762,4888,1956,2820,123
2928,1849,3009,1971,81,122,0.9471,9359,5248,2088,2829,124
3013,1868,3092,1991,79,123,0.992,9639,5273,1918,3172,125
3096,1885,3181,1999,85,114,0.9832,9527,4762,1825,2765,126
3185,1902,3265,2022,80,120,0.9996,9596,4636,1964,2525,127
3269,1906,3335,2031,66,125,0.9981,8234,4889,1830,2829,128
3339,1909,3405,2034,66,125,0.9989,8241,4879,1863,2820,129
2293,1910,2461,2040,168,130,0.9044,19753,9580,502,8674,130
2114,1917,2289,2035,175,118,0.9671,19970,10784,274,10215,131
3409,1920,3476,2043,67,123,0.9954,8203,4847,1855,2784,132
2726,1961,2848,2044,122,83,0.9999,10125,4886,1861,2866,133
3480,1969,3543,2097,63,128,0.9882,7969,4972,1785,2960,134
2852,1975,2939,2090,87,115,0.9639,9644,5132,1758,3195,135
2943,1995,3024,2117,81,122,0.9507,9395,5276,2090,2866,136
3028,2003,3109,2123,81,120,0.9928,9650,4826,1886,2784,137
1730,2025,1966,2143,236,118,0.9687,26977,5207,449,4487,138
3113,2026,3198,2140,85,114,0.9764,9461,4809,1825,2809,139
3202,2035,3267,2162,65,127,0.978,8073,4955,1861,2888,140
3271,2038,3337,2163,66,125,0.9703,8005,4895,1830,2812,141
2160,2044,2338,2158,178,114,0.9445,19165,9277,1830,6840,142
2342,2044,2499,2165,157,121,0.9719,18463,5408,2485,2796,143
3341,2047,3411,2165,70,118,0.9808,8101,4858,1848,2794,144
2727,2094,2855,2173,128,79,0.9652,9760,5398,1963,3237,145
3415,2101,3543,2165,128,64,0.9839,8060,4952,1882,2851,146
2859,2121,2987,2199,128,78,0.9846,9830,4907,1888,2857,147
1119,2138,1249,2199,130,61,0.9734,7719,4899,1896,2799,148
1443,2140,1628,2244,185,104,0.9647,18560,11807,383,10990,149
3081,2144,3162,2264,81,120,0.9828,9553,4867,1931,2779,150
1819,2157,2005,2245,186,88,0.9368,15334,11146,334,10391,151
3166,2166,3234,2288,68,122,0.9802,8132,5171,1840,3166,152
2629,2177,2748,2279,119,102,0.9904,12021,5703,2141,3364,153
2752,2203,2880,2282,128,79,0.9585,9692,5487,1963,3324,154
3282,2232,3362,2281,80,49,0.6158,2414,3214,1933,1144,155
1379,2248,1507,2318,128,70,0.9983,8945,5146,1985,2933,156
1511,2248,1637,2318,126,70,0.9947,8773,5009,1918,2824,157
1774,2249,1901,2318,127,69,0.9917,8690,4893,1890,2831,158
1641,2250,1770,2318,129,68,0.9938,8718,5018,1887,2932,159
1905,2250,2030,2323,125,73,0.9982,9109,4869,1808,2835,160
2034,2251,2159,2324,125,73,0.9982,9109,4834,1808,2796,161
3503,2265,3632,2326,129,61,0.9823,7730,4974,1941,2801,162
2585,2283,2709,2381,124,98,0.9911,12044,4976,1844,2900,163
2713,2286,2815,2400,102,114,0.9842,11444,5542,1837,3536,164
3145,2292,3267,2360,122,68,0.9998,8294,4867,1854,2810,165
1379,2322,1613,2457,234,135,0.9529,30103,13106,500,12106,166
1617,2322,1777,2469,160,147,0.8605,20239,10283,292,9929,167
1781,2327,1937,2475,156,148,0.9969,23017,4428,1888,2388,168
2819,2328,2947,2407,128,79,0.9993,10105,5461,1986,3311,169
3405,2330,3534,2391,129,61,0.9762,7682,4878,1878,2793,170
2951,2351,3074,2432,123,81,0.9481,9446,5263,2096,2807,171
3078,2364,3145,2488,67,124,0.9994,8303,4921,1860,2863,172
3279,2395,3340,2525,61,130,0.9892,7844,4961,1896,2891,173
3409,2401,3473,2525,64,124,0.9719,7713,4824,1936,2703,174
2724,2411,2825,2526,101,115,0.9312,10816,4476,1529,2747,175
3552,2420,3615,2545,63,125,0.999,7867,4593,1945,2487,176
2912,2436,2991,2563,79,127,0.9646,9678,4907,1957,2810,177
1374,2461,1593,2595,219,134,0.98,28758,9934,717,8821,178
1957,2480,2105,2611,148,131,0.9834,19066,8705,292,8351,179
3078,2492,3145,2616,67,124,0.9995,8304,4845,1872,2793,180
2382,2498,2492,2619,110,121,0.9693,12902,6394,2412,3622,181
3218,2529,3346,2588,128,59,0.9616,7262,4897,1907,2830,182
3350,2529,3476,2588,126,59,0.9687,7201,4777,1887,2724,183
2609,2530,2737,2622,128,92,0.9997,11773,6214,2329,3715,184
2741,2558,2843,2667,102,109,0.9904,11011,6076,1808,4076,185
1179,2599,1419,2724,240,125,0.9559,28677,9804,218,9388,186
1423,2610,1610,2724,187,114,0.9831,20958,10348,1830,7892,187
1614,2612,1798,2724,184,112,0.9048,18646,6560,2359,3384,188
1802,2615,1972,2728,170,113,0.994,19095,7436,1920,5348,189
1976,2618,2134,2729,158,111,0.9521,16698,7636,1820,5186,190
3013,2620,3092,2746,79,126,0.9999,9953,5008,1897,2995,191
3096,2657,3160,2783,64,126,0.9993,8058,4836,1901,2762,192
3164,2657,3293,2717,129,60,0.9916,7675,4888,1899,2790,193
2717,2671,2819,2780,102,109,0.9901,11008,6062,1820,4059,194
3297,2679,3363,2799,66,120,0.9994,7915,4774,1849,2718,195
3367,2699,3427,2828,60,129,0.978,7570,5017,1907,2944,196
3431,2699,3491,2828,60,129,0.988,7647,5036,1893,2974,197
3495,2718,3555,2845,60,127,0.9706,7396,5161,1922,3008,198
3164,2721,3293,2783,129,62,0.9996,7995,5002,1861,2943,199
1159,2728,1290,2795,131,67,0.9786,8589,5317,2428,2370,200
1294,2728,1420,2802,126,74,0.9966,9292,5159,2036,2946,201
1424,2728,1548,2802,124,74,0.9662,8866,5031,1874,3011,202
1903,2733,2054,2829,151,96,0.9627,13956,6381,1788,4341,203
2908,2750,3039,2827,131,77,0.9943,10029,5112,1916,2987,204
2451,2752,2555,2866,104,114,0.9928,11771,6013,1788,4048,205
2559,2777,2685,2868,126,91,0.9909,11362,5430,1968,3295,206
2689,2784,2818,2870,129,86,0.997,11061,5148,1882,3033,207
3043,2787,3172,2864,129,77,0.9871,9805,5015,1886,2912,208
1020,2799,1258,2933,238,134,0.8498,27103,11703,303,11192,209
3176,2803,3305,2865,129,62,0.9712,7768,5034,2144,2611,210
1262,2806,1437,2941,175,135,0.9732,22992,10620,614,9454,211
1620,2829,1779,2951,159,122,0.8886,17237,6765,3651,2872,212
2822,2831,2954,2910,132,79,0.9415,9818,5633,2692,2491,213
3309,2832,3434,2895,125,63,0.978,7702,4968,1883,2919,214
2958,2868,3089,2945,131,77,0.9848,9934,5119,1877,3026,215
3093,2869,3220,2947,127,78,0.9707,9616,5431,1932,3296,216
2437,2870,2541,2984,104,114,0.9949,11796,5995,1799,4018,217
2545,2872,2645,2987,100,115,0.9503,10929,5705,1964,3520,218
3553,2873,3671,2937,118,64,0.9995,7548,4904,2007,2720,219
2649,2874,2744,2991,95,117,0.9967,11078,5626,2313,3089,220
3224,2899,3351,2962,127,63,0.9756,7806,5078,1929,2936,221
2748,2914,2840,3028,92,114,0.997,10457,6199,1549,4059,222
3355,2922,3478,2986,123,64,0.9844,7749,4772,1791,2836,223
777,2937,911,3005,134,68,0.9627,8772,4877,1868,2775,224
1105,2945,1297,3059,192,114,0.9812,21477,9850,1827,7430,225
2844,2949,2976,3028,132,79,0.938,9781,5599,2692,2437,226
2980,2951,3111,3028,131,77,0.9962,10049,5199,1901,3089,227
1301,2954,1481,3083,180,129,0.9379,21779,9377,259,8803,228
1622,2955,1753,3013,131,58,0.9954,7563,4567,1844,2499,229
1757,2955,1885,3020,128,65,0.9912,8247,4852,1892,2788,230
2018,2958,2149,3046,131,88,0.987,11378,5078,1885,3000,231
2153,2958,2280,3052,127,94,0.9983,11918,5356,2001,3127,232
2410,2988,2515,3101,105,113,0.9402,11156,5828,1957,3648,233
3232,2990,3357,3054,125,64,0.9859,7887,4968,1771,3008,234
2519,2991,2611,3116,92,125,0.9973,11469,5067,1889,2938,235
2615,2995,2704,3120,89,125,0.9614,10696,5589,1981,3403,236
3482,3006,3546,3125,64,119,0.9996,7613,4955,1987,2795,237
1485,3017,1665,3126,180,109,0.8954,17567,7421,317,7030,238
1669,3024,1824,3139,155,115,0.9293,16564,10535,278,9935,239
1828,3028,1969,3140,141,112,0.9999,15791,6030,3135,2685,240
2807,3032,2886,3164,79,132,0.9388,9790,5632,2681,2480,241
2977,3032,3105,3112,128,80,0.9459,9686,5219,1951,3018,242
3361,3032,3478,3099,117,67,0.983,7706,5035,1898,2952,243
3550,3032,3609,3158,59,126,0.9697,7209,4809,1887,2758,244
1973,3050,2082,3175,109,125,0.9361,12754,4533,1813,2596,245
2890,3055,2973,3180,83,125,0.9999,10374,4941,1897,2928,246
1081,3063,1216,3246,135,183,0.9705,23977,11187,616,10012,247
3239,3103,3364,3167,125,64,0.988,7904,4631,1945,2525,248
2304,3105,2429,3200,125,95,0.9971,11841,5576,2028,3334,249
2977,3116,3072,3225,95,109,1.0,10355,5017,1877,2972,250
2433,3120,2537,3231,104,111,0.9984,11526,5333,1949,3237,251
2541,3124,2636,3242,95,118,0.9964,11170,6073,2400,3501,252
3368,3129,3496,3190,128,61,0.9716,7586,5030,1918,2896,253
3076,3142,3200,3225,124,83,0.9866,10154,5083,1862,2993,254
1545,3143,1707,3253,162,110,0.9276,16529,9777,393,9026,255
1711,3144,1849,3265,138,121,0.9823,16403,7833,2378,4205,256
2640,3148,2733,3264,93,116,0.9781,10552,5735,1834,3734,257
2737,3168,2821,3294,84,126,0.9999,10583,4986,1897,2960,258
1970,3179,2086,3301,116,122,0.9676,13694,5860,2147,3425,259
2825,3184,2905,3314,80,130,0.9643,10029,5610,1949,3403,260
3334,3194,3453,3261,119,67,0.9989,7964,4797,1846,2736,261
2909,3229,3040,3308,131,79,0.9672,10010,4931,2041,2714,262
3457,3232,3581,3295,124,63,0.9709,7585,4696,1784,2669,263
2305,3235,2431,3327,126,92,0.9815,11378,4584,2385,2062,264
2435,3246,2552,3342,117,96,0.9466,10632,5611,1965,3407,265
875,3249,1004,3488,129,239,0.7342,22636,8270,5049,3034,266
1008,3250,1139,3313,131,63,0.9985,8241,5006,1873,2933,267
1143,3250,1274,3313,131,63,0.9919,8186,5052,1873,2977,268
1278,3253,1455,3344,177,91,0.912,14689,9406,3022,5486,269
3178,3255,3303,3337,125,82,1.0,10250,4896,1900,2853,270
3307,3265,3431,3346,124,81,1.0,10044,4887,1868,2905,271
2657,3298,2782,3384,125,86,0.9988,10737,5542,2089,3266,272
3435,3299,3561,3362,126,63,0.9766,7752,4802,1792,2764,273
1875,3305,1989,3430,114,125,0.9994,14241,5541,2028,3298,274
2909,3312,2988,3443,79,131,0.974,10080,5059,1979,2869,275
2992,3312,3071,3443,79,131,0.99,10246,4960,2041,2743,276
2786,3318,2905,3407,119,89,0.9819,10399,5211,1841,3212,277
3075,3337,3163,3454,88,117,0.9877,10169,5693,2104,3366,278
3167,3341,3249,3466,82,125,0.9999,10249,4957,1878,2953,279
1147,3348,1289,3503,142,155,0.883,19434,9329,415,8602,280
3253,3350,3379,3431,126,81,0.9998,10204,5074,1897,3047,281
3565,3350,3685,3415,120,65,0.9949,7760,4916,1826,2914,282
3383,3366,3510,3445,127,79,0.9878,9911,5036,1875,2975,283
2534,3384,2635,3494,101,110,0.9948,11052,5973,1812,3986,284
1550,3394,1669,3537,119,143,0.8821,15010,8950,306,8042,285
2738,3411,2856,3502,118,91,0.9795,10518,6614,2089,3904,286
1673,3417,1796,3545,123,128,0.9703,15277,5613,1964,3398,287
3514,3419,3640,3482,126,63,0.956,7589,4949,1872,2868,288
1800,3434,1918,3558,118,124,0.9999,14630,5576,1964,3381,289
3253,3435,3331,3566,78,131,0.9397,9602,5617,2687,2471,290
1922,3442,2036,3567,114,125,0.9128,13008,5669,1497,3520,291
2040,3445,2151,3570,111,125,0.9581,13294,5885,2783,2944,292
2860,3447,2989,3529,129,82,0.9483,10031,5347,2107,3043,293
3644,3457,3762,3523,118,66,0.9995,7784,4883,2006,2685,294
2993,3458,3124,3537,131,79,0.9863,10207,5033,1979,2846,295
2254,3463,2344,3590,90,127,0.9919,11337,5182,1961,3003,296
2348,3464,2438,3590,90,126,0.9671,10967,5256,1868,3194,297
3128,3470,3249,3555,121,85,0.9831,10111,5176,1841,3118,298
2442,3472,2528,3601,86,129,0.9835,10911,5957,2845,2653,299
2637,3506,2738,3616,101,110,0.9928,11030,5998,1802,4007,300
3521,3527,3651,3588,130,61,0.9744,7727,4923,1896,2822,301
2742,3533,2871,3616,129,83,0.9937,10640,5917,2800,2652,302
1486,3541,1614,3674,128,133,0.9821,16720,10221,409,9451,303
2875,3541,3004,3623,129,82,0.9916,10489,5848,2779,2539,304
3655,3545,3784,3605,129,60,0.9915,7674,4883,1877,2800,305
1618,3549,1743,3679,125,130,0.7699,12511,5134,2172,2835,306
3008,3559,3139,3638,131,79,0.9369,9696,5647,2688,2503,307
1747,3562,1867,3689,120,127,0.9595,14623,5637,1967,3505,308
3393,3592,3525,3669,132,77,0.9996,10160,5131,1877,3038,309
2246,3594,2364,3696,118,102,0.9695,11669,5914,2174,3437,310
2368,3605,2491,3697,123,92,0.9774,11060,6202,2423,3517,311
3529,3609,3659,3670,130,61,0.9729,7715,4865,1896,2756,312
2495,3612,2621,3700,126,88,0.9835,10905,5394,2052,3195,313
2752,3627,2875,3714,123,87,0.999,10690,5027,1893,2935,314
2879,3628,2999,3716,120,88,0.9951,10508,4889,1935,2783,315
3663,3632,3792,3692,129,60,0.9882,7649,4893,1937,2728,316
3003,3642,3127,3727,124,85,0.9915,10450,5683,2721,2446,317
1139,3673,1268,3738,129,65,0.9989,8376,5013,1882,2958,318
1272,3673,1401,3738,129,65,0.9994,8380,4961,1876,2897,319
1405,3678,1548,3777,143,99,0.9649,13660,6379,1756,4416,320
1552,3683,1697,3780,145,97,0.9513,13380,5741,1777,3745,321
1848,3695,1982,3787,134,92,0.9922,12232,5606,1871,3396,322
3531,3696,3661,3757,130,61,0.9744,7727,4883,1896,2775,323
1986,3697,2117,3788,131,91,0.9876,11773,5058,1881,2983,324
2121,3700,2252,3788,131,88,0.9879,11388,5237,1880,3161,325
2256,3701,2387,3789,131,88,0.984,11343,5096,1880,3021,326
2391,3704,2519,3791,128,87,0.9981,11115,5503,1968,3305,327
2523,3713,2650,3800,127,87,0.9996,11045,5114,1891,3021,328
2897,3731,3021,3816,124,85,0.9908,10443,5673,2700,2488,329
1139,3742,1272,3887,133,145,0.9647,18605,8509,295,7923,330
3025,3748,3153,3830,128,82,0.9946,10439,5861,2814,2506,331
3157,3756,3289,3834,132,78,0.9349,9626,5630,2672,2502,332
3293,3757,3422,3836,129,79,0.9448,9628,5276,1963,3100,333
3426,3761,3550,3843,124,82,0.9999,10167,5019,1847,2926,334
3554,3784,3684,3845,130,61,0.9811,7780,4943,1896,2851,335
1754,3791,1894,3894,140,103,0.9476,13664,6428,2219,3958,336
2288,3795,2407,3896,119,101,0.9585,11520,6037,1842,3510,337
2538,3814,2665,3901,127,87,0.9996,11045,5090,1898,2987,338
2669,3816,2796,3902,127,86,0.9891,10803,5788,2790,2535,339
3688,3817,3817,3877,129,60,0.9735,7535,4999,1918,2846,340
2922,3834,3055,3913,133,79,0.9616,10104,5762,1994,3485,341
3059,3838,3185,3921,126,83,0.9999,10457,5087,1897,3051,342
3189,3840,3313,3923,124,83,0.9918,10208,5391,1918,3150,343
3582,3881,3643,4011,61,130,0.9748,7730,4933,1896,2838,344
3647,3881,3708,4011,61,130,0.9859,7818,4943,1808,2912,345
1167,3891,1295,3950,128,59,0.9613,7260,4896,1907,2826,346
1299,3896,1442,3973,143,77,0.9738,10723,5323,1815,3297,347
1590,3896,1723,3974,133,78,0.9362,9712,5641,2690,2488,348
1727,3896,1860,3976,133,80,0.9526,10136,5404,1935,3168,349
1446,3897,1586,3973,140,76,0.9908,10542,4940,1865,2909,350
1864,3898,1996,3981,132,83,0.9829,10769,5960,3104,2211,351
2137,3900,2265,3985,128,85,0.9869,10738,4927,1882,2873,352
2269,3900,2397,3985,128,85,0.9831,10696,5909,2428,3347,353
2401,3900,2530,3989,129,89,0.9689,11124,5184,1940,2977,354
3712,3900,3772,4029,60,129,0.9733,7533,4905,1913,2751,355
3776,3900,3836,4029,60,129,0.9912,7672,4967,1894,2903,356
2534,3905,2659,3994,125,89,0.993,11047,5913,2437,3307,357
2663,3906,2788,3994,125,88,0.9965,10961,4804,1912,2657,358
2792,3914,2915,4002,123,88,0.9832,10642,5093,1857,3017,359
3045,3925,3178,4004,133,79,0.9463,9943,5689,2706,2539,360
3182,3927,3311,4008,129,81,0.9974,10422,5500,1973,3365,361
3315,3930,3445,4009,130,79,0.9885,10152,5122,1880,3010,362
3996,3961,4096,4096,100,135,0.9861,13313,4958,1920,2843,363
1297,3977,1447,4094,150,117,0.9855,17295,5652,2614,2920,364
1451,3978,1593,4094,142,116,0.9765,16085,6581,1565,4158,365
1597,3980,1740,4094,143,114,0.9526,15529,5909,1746,3947,366
1744,3985,1889,4094,145,109,0.9682,15303,8850,3061,4483,367
2419,3998,2544,4094,125,96,0.9999,11999,5768,1966,3567,368
2548,3998,2665,4094,117,96,0.9747,10948,5382,1965,3222,369
2669,3999,2785,4094,116,95,0.9999,11019,5372,1851,3319,370
2789,4006,2914,4094,125,88,0.9973,10970,4818,1880,2769,371
2918,4008,3043,4094,125,86,0.997,10718,5411,2043,3137,372
3047,4010,3172,4094,125,84,0.9999,10499,5007,1897,2988,373
3176,4012,3304,4094,128,82,0.9897,10388,5775,2818,2482,374
3308,4013,3437,4094,129,81,0.9992,10441,5540,1491,3447,375
3441,4015,3571,4094,130,79,0.9414,9668,5599,2646,2472,376
