atlas,source,x,y,w,h,alpha_pixels,head_pixels,body_pixels,eyes,changed_pixels
Knight.png,semantic_scan,3668,4,128,61,5061,1929,568,2,4368
Knight.png,semantic_scan,3531,5,131,63,4854,2161,685,2,4424
Knight.png,semantic_scan,3215,7,210,108,8965,2056,3772,2,7272
Knight.png,semantic_scan,3932,22,62,132,4654,1938,613,2,4122
Knight.png,semantic_scan,3448,33,77,117,5177,2184,416,2,4548
Knight.png,semantic_scan,3802,39,124,65,4551,1879,684,2,3989
Knight.png,semantic_scan,3533,71,74,114,4979,2021,862,2,4510
Knight.png,semantic_scan,3610,71,73,114,4782,2355,19,2,3523
Knight.png,semantic_scan,3998,76,71,128,4905,1912,716,2,4322
Knight.png,semantic_scan,3689,88,68,119,4837,1961,270,2,4323
Knight.png,semantic_scan,3760,104,67,132,5048,1900,514,2,4380
Knight.png,semantic_scan,3830,106,71,127,4970,1994,532,2,4395
Knight.png,semantic_scan,3248,137,169,92,9680,3137,3679,2,8670
Knight.png,semantic_scan,3904,157,70,119,5350,1958,496,2,4466
Knight.png,semantic_scan,3527,191,91,98,4422,1932,514,2,3885
Knight.png,semantic_scan,3974,207,121,72,5047,1853,580,2,4159
Knight.png,semantic_scan,3625,214,110,75,4680,1877,600,2,4059
Knight.png,semantic_scan,2533,236,228,96,11617,271,503,1,942
Knight.png,semantic_scan,3735,236,112,78,4577,1849,405,2,4042
Knight.png,semantic_scan,3073,244,99,116,5265,501,449,2,1291
Knight.png,semantic_scan,3415,260,89,104,5084,2000,661,2,4237
Knight.png,semantic_scan,3853,282,128,67,4813,2249,791,2,4287
Knight.png,semantic_scan,3981,283,84,97,4337,1493,433,2,3270
Knight.png,semantic_scan,3507,295,112,77,5388,2175,457,2,4612
Knight.png,semantic_scan,3622,320,125,68,5011,1868,339,2,4140
Knight.png,semantic_scan,3753,352,118,69,4927,2069,235,2,4420
Knight.png,semantic_scan,3349,370,123,68,5110,2142,252,2,4535
Knight.png,semantic_scan,3475,378,121,73,5015,2027,579,2,4472
Knight.png,semantic_scan,3877,383,116,75,4968,1892,496,2,4345
Knight.png,semantic_scan,3999,387,75,96,4252,1531,436,2,3235
Knight.png,semantic_scan,3599,391,90,100,4448,1870,591,2,3834
Knight.png,semantic_scan,3695,428,120,68,4945,1960,293,2,4372
Knight.png,semantic_scan,3349,445,92,97,4416,2075,539,2,3976
Knight.png,semantic_scan,3444,457,73,123,5023,1978,374,2,4544
Knight.png,semantic_scan,3821,463,110,75,4526,1882,429,2,4134
Knight.png,semantic_scan,3520,485,70,120,4944,1936,307,2,4351
Knight.png,semantic_scan,3937,489,116,72,4818,1896,432,2,4303
Knight.png,semantic_scan,3593,494,79,119,5322,2169,428,2,4594
Knight.png,semantic_scan,3675,502,69,120,4895,1969,261,2,4377
Knight.png,semantic_scan,3750,541,71,120,4880,1896,384,2,4236
Knight.png,semantic_scan,3821,548,77,116,4878,1740,870,2,4222
Knight.png,semantic_scan,3318,558,83,98,5232,1707,845,2,4352
Knight.png,semantic_scan,3904,564,67,121,4787,2245,485,2,4298
Knight.png,semantic_scan,3974,564,69,124,4844,1924,464,2,4295
Knight.png,semantic_scan,803,575,33,19,457,202,140,1,546
Knight.png,semantic_scan,3405,586,77,120,5152,2181,424,2,4577
Knight.png,semantic_scan,3581,616,73,119,5125,2160,525,2,4516
Knight.png,semantic_scan,3485,621,88,90,4546,1900,298,2,3953
Knight.png,semantic_scan,2658,647,108,108,6331,1705,1388,2,4575
Knight.png,semantic_scan,2428,648,133,70,5995,1863,1134,2,4667
Knight.png,semantic_scan,3238,662,68,114,4633,1933,497,2,4251
Knight.png,semantic_scan,3151,665,84,108,5880,2550,818,2,5004
Knight.png,semantic_scan,3743,667,119,77,5618,1802,1190,2,4613
Knight.png,semantic_scan,2111,689,142,232,18992,403,152,1,997
Knight.png,semantic_scan,3865,691,116,73,4968,1890,431,2,4319
Knight.png,semantic_scan,3984,691,108,77,4830,2281,358,2,4518
Knight.png,semantic_scan,3326,709,121,72,5301,1943,695,2,4498
Knight.png,semantic_scan,3450,717,120,77,5140,2181,361,2,4516
Knight.png,semantic_scan,3576,741,116,77,4842,1700,585,2,3905
Knight.png,semantic_scan,3698,747,113,77,5254,2120,256,2,4636
Knight.png,semantic_scan,3814,767,116,75,4905,1892,391,2,4284
Knight.png,semantic_scan,3937,774,120,70,4832,1890,376,2,4403
Knight.png,semantic_scan,3143,776,113,67,4465,726,988,1,2448
Knight.png,semantic_scan,3256,784,105,89,4467,1930,543,2,3893
Knight.png,semantic_scan,3367,798,96,96,4284,1862,400,2,3710
Knight.png,semantic_scan,3466,818,123,73,4841,1888,563,2,4339
Knight.png,semantic_scan,3595,830,123,72,4811,1961,539,2,4222
Knight.png,semantic_scan,3724,845,120,70,4900,1965,285,2,4390
Knight.png,semantic_scan,3850,847,114,73,4768,1919,683,2,4153
Knight.png,semantic_scan,3140,863,96,103,4790,2000,541,2,4141
Knight.png,semantic_scan,3242,876,101,91,4457,1932,544,2,3885
Knight.png,semantic_scan,694,880,74,25,1356,449,737,2,1812
Knight.png,semantic_scan,775,882,49,26,849,284,418,1,903
Knight.png,semantic_scan,3970,886,61,129,4925,1866,654,2,4366
Knight.png,semantic_scan,3350,897,123,71,4983,1955,372,2,4490
Knight.png,semantic_scan,3479,902,123,73,4867,1886,609,2,4356
Knight.png,semantic_scan,789,914,45,26,805,276,395,1,856
Knight.png,semantic_scan,3605,918,121,75,4729,1938,437,2,4236
Knight.png,semantic_scan,3733,923,120,72,4884,1910,395,2,4358
Knight.png,semantic_scan,2228,940,145,81,7225,2113,1592,2,5217
Knight.png,semantic_scan,2498,943,126,116,5393,1992,321,2,4028
Knight.png,semantic_scan,3859,949,101,66,4234,1715,604,2,3653
Knight.png,semantic_scan,3086,969,128,56,4728,1969,667,2,4132
Knight.png,semantic_scan,3339,971,119,81,4895,1867,372,2,4009
Knight.png,semantic_scan,3461,981,123,71,5001,1983,392,2,4560
Knight.png,semantic_scan,3719,1001,121,70,4947,1957,327,2,4381
Knight.png,semantic_scan,3590,1004,126,65,4909,1982,610,2,4317
Knight.png,semantic_scan,2994,1019,86,109,5159,1778,822,2,4403
Knight.png,semantic_scan,3846,1021,129,61,4943,1865,684,2,4400
Knight.png,semantic_scan,3086,1028,94,103,4648,2003,601,2,4040
Knight.png,semantic_scan,3304,1055,120,81,4834,1948,500,2,4034
Knight.png,semantic_scan,3183,1056,118,79,5548,2169,463,2,4633
Knight.png,semantic_scan,3424,1058,113,81,5221,1910,861,2,4073
Knight.png,semantic_scan,3672,1074,123,73,5010,1991,361,2,4580
Knight.png,semantic_scan,3543,1075,123,71,4970,1978,364,2,4523
Knight.png,semantic_scan,3798,1088,125,65,4681,1853,691,2,4105
Knight.png,semantic_scan,2821,1120,109,73,4415,1908,421,2,3804
Knight.png,semantic_scan,2973,1131,128,77,4778,1929,741,2,4215
Knight.png,semantic_scan,3104,1141,118,79,5194,2105,440,2,4484
Knight.png,semantic_scan,3225,1142,116,78,4784,1910,486,2,4017
Knight.png,semantic_scan,3347,1146,115,76,4724,1907,559,2,4263
Knight.png,semantic_scan,3468,1152,123,71,4990,1952,363,2,4503
Knight.png,semantic_scan,3594,1153,121,77,5037,2182,393,2,4547
Knight.png,semantic_scan,3721,1159,111,73,4515,1775,614,2,3834
Knight.png,semantic_scan,2973,1214,92,104,4764,2023,258,2,2744
Knight.png,semantic_scan,3068,1223,80,123,5097,1987,482,2,4476
Knight.png,semantic_scan,3373,1229,123,71,4953,1939,448,2,4518
Knight.png,semantic_scan,3502,1233,123,71,5030,1941,385,2,4502
Knight.png,semantic_scan,3631,1235,111,73,4515,1775,611,2,3834
Knight.png,semantic_scan,2153,1277,105,120,9381,5232,1292,2,9689
Knight.png,semantic_scan,3249,1282,92,108,5044,1988,568,2,4151
Knight.png,semantic_scan,3151,1285,86,105,4605,1835,395,2,3870
Knight.png,semantic_scan,2865,1289,80,123,5574,2232,336,2,4510
Knight.png,semantic_scan,3341,1306,112,79,5551,2121,135,2,2909
Knight.png,semantic_scan,3456,1307,112,88,5063,2128,174,2,4557
Knight.png,semantic_scan,2951,1318,77,126,4907,1970,593,2,4101
Knight.png,semantic_scan,3034,1352,88,112,4581,1930,610,2,3981
Knight.png,semantic_scan,3571,1368,126,66,4875,1912,505,2,4282
Knight.png,semantic_scan,3122,1390,126,78,5033,2146,475,2,4550
Knight.png,semantic_scan,3251,1395,125,76,5026,1879,487,2,4187
Knight.png,semantic_scan,3382,1398,123,71,4834,1884,617,2,4351
Knight.png,semantic_scan,2806,1418,71,131,5355,1754,533,2,4328
Knight.png,semantic_scan,3508,1437,126,66,4869,1909,537,2,4320
Knight.png,semantic_scan,2887,1447,80,126,5263,1992,543,2,4603
Knight.png,semantic_scan,2973,1464,89,109,6136,2544,1007,2,5160
Knight.png,semantic_scan,3065,1471,80,123,5097,1992,484,2,4494
Knight.png,semantic_scan,3233,1475,131,57,4950,1995,645,2,4392
Knight.png,semantic_scan,3367,1475,131,63,4854,2161,685,2,4403
Knight.png,semantic_scan,3148,1493,65,124,4895,1925,737,2,4482
Knight.png,semantic_scan,3501,1503,129,66,5064,1983,820,2,4386
Knight.png,semantic_scan,338,1534,272,313,32965,2229,327,2,5356
Knight.png,semantic_scan,3230,1535,82,119,5546,2172,441,2,4647
Knight.png,semantic_scan,3318,1538,81,116,4770,1914,585,2,4116
Knight.png,semantic_scan,2638,1550,133,101,6084,1796,1342,2,4722
Knight.png,semantic_scan,2806,1552,65,131,5103,1949,759,2,4596
Knight.png,semantic_scan,2448,1554,172,92,9190,3759,2867,2,8515
Knight.png,semantic_scan,3402,1558,81,116,4652,1858,288,2,3902
Knight.png,semantic_scan,3493,1575,59,129,5019,1969,700,2,4419
Knight.png,semantic_scan,2890,1579,78,117,5255,2203,190,2,4851
Knight.png,semantic_scan,3559,1580,61,129,4963,1861,656,2,4370
Knight.png,semantic_scan,2975,1592,79,122,4900,1884,484,2,4066
Knight.png,semantic_scan,3060,1600,78,116,5214,2212,176,2,4863
Knight.png,semantic_scan,3145,1623,78,126,4976,2303,1,2,3113
Knight.png,semantic_scan,2139,1648,115,118,5831,2056,1426,2,4911
Knight.png,semantic_scan,2278,1649,171,126,7448,2302,1960,2,4789
Knight.png,semantic_scan,2484,1654,156,130,5954,1939,687,2,4388
Knight.png,semantic_scan,3226,1657,92,106,4673,2010,614,2,4047
Knight.png,semantic_scan,3321,1674,83,117,5498,2178,356,2,4582
Knight.png,semantic_scan,2734,1683,83,128,5433,1992,519,2,4645
Knight.png,semantic_scan,2651,1686,80,125,4979,2566,438,2,4542
Knight.png,semantic_scan,2817,1705,83,119,4789,1898,368,2,4102
Knight.png,semantic_scan,3407,1708,68,129,4984,1874,466,2,4221
Knight.png,semantic_scan,3475,1710,66,124,4907,1907,557,2,4320
Knight.png,semantic_scan,3547,1712,61,129,4945,1867,624,2,4366
Knight.png,semantic_scan,2903,1714,81,120,5318,2227,207,2,4986
Knight.png,semantic_scan,2991,1725,78,116,5219,2240,171,2,4847
Knight.png,semantic_scan,3073,1752,90,114,5664,1894,942,2,4295
Knight.png,semantic_scan,3166,1766,71,114,5040,1803,843,2,4153
Knight.png,semantic_scan,2490,1789,136,116,6544,2010,1179,2,4875
Knight.png,semantic_scan,2334,1790,153,105,8601,2389,353,2,5047
Knight.png,semantic_scan,3253,1794,92,106,4664,2010,615,2,4049
Knight.png,semantic_scan,2654,1817,95,106,5186,1818,577,2,3958
Knight.png,semantic_scan,2752,1831,80,125,4832,1989,542,2,4101
Knight.png,semantic_scan,3351,1840,123,67,4860,1905,565,2,4309
Knight.png,semantic_scan,2838,1843,85,116,4865,1832,377,2,3950
Knight.png,semantic_scan,3477,1844,121,74,4897,1975,669,2,4286
Knight.png,semantic_scan,2929,1850,78,117,5229,2209,204,2,4785
Knight.png,semantic_scan,3011,1866,80,124,5273,1941,545,2,4341
Knight.png,semantic_scan,551,1884,151,76,7743,2142,1783,2,5534
Knight.png,semantic_scan,3097,1886,80,115,4752,1832,311,2,3959
Knight.png,semantic_scan,3186,1900,78,121,4614,1979,486,2,4148
Knight.png,semantic_scan,3270,1904,64,126,4875,1899,682,2,4360
Knight.png,semantic_scan,1703,1905,187,87,11167,3783,2,2,4277
Knight.png,semantic_scan,3337,1910,67,122,4860,1909,570,2,4308
Knight.png,semantic_scan,3410,1922,68,123,4831,1924,498,2,4285
Knight.png,semantic_scan,2625,1923,96,119,5549,1774,278,2,4189
Knight.png,semantic_scan,2727,1959,120,84,4869,2002,461,2,4079
Knight.png,semantic_scan,3481,1967,61,129,4964,1866,664,2,4395
Knight.png,semantic_scan,2850,1976,88,113,5118,1793,669,2,4140
Knight.png,semantic_scan,2944,1996,78,117,5254,2203,198,2,4849
Knight.png,semantic_scan,3029,2001,78,124,4824,1908,443,2,4054
Knight.png,semantic_scan,3114,2027,83,115,4800,1837,395,2,3970
Knight.png,semantic_scan,3206,2033,60,128,4940,1887,781,2,4281
Knight.png,semantic_scan,3272,2036,64,126,4882,1904,549,2,4431
Knight.png,semantic_scan,2524,2043,83,124,4911,1769,115,2,4013
Knight.png,semantic_scan,2161,2045,166,112,9155,1909,1639,2,5091
Knight.png,semantic_scan,2633,2046,85,118,5187,1790,165,2,4086
Knight.png,semantic_scan,2351,2047,101,117,4939,2045,0,2,2258
Knight.png,semantic_scan,3339,2048,74,116,4866,1895,470,2,4350
Knight.png,semantic_scan,1991,2052,142,87,8715,4439,2141,2,9036
Knight.png,semantic_scan,2728,2092,129,80,5375,1988,592,2,4634
Knight.png,semantic_scan,3413,2099,132,68,4990,1928,689,2,4398
Knight.png,semantic_scan,2863,2119,126,79,4923,1919,376,2,4082
Knight.png,semantic_scan,2992,2125,84,119,4832,1858,329,2,3960
Knight.png,semantic_scan,981,2136,133,62,4898,2159,690,2,4418
Knight.png,semantic_scan,1120,2139,128,62,4916,1963,661,2,4385
Knight.png,semantic_scan,3082,2142,78,124,4864,1951,423,2,4135
Knight.png,semantic_scan,1269,2149,152,82,9060,5371,3,2,6715
Knight.png,semantic_scan,2007,2164,164,81,8011,2121,1557,2,5229
Knight.png,semantic_scan,3167,2164,69,122,5155,1863,826,2,4158
Knight.png,semantic_scan,2205,2170,117,82,6281,2210,1128,2,4849
Knight.png,semantic_scan,2359,2171,133,82,6073,2203,878,2,5118
Knight.png,semantic_scan,3239,2174,83,37,2142,1661,84,2,2264
Knight.png,semantic_scan,3329,2176,85,36,2055,1324,433,2,2155
Knight.png,semantic_scan,2635,2179,112,99,5675,2169,475,2,4775
Knight.png,semantic_scan,2753,2201,129,83,5500,1988,596,2,4725
Knight.png,semantic_scan,3417,2201,128,62,5087,1925,695,2,4463
Knight.png,semantic_scan,3239,2224,128,60,4940,1985,490,2,4268
Knight.png,semantic_scan,2882,2244,129,79,5481,2009,473,2,4520
Knight.png,semantic_scan,1380,2249,129,71,5163,2010,450,2,4528
Knight.png,semantic_scan,1512,2250,127,67,5004,1978,602,2,4559
Knight.png,semantic_scan,1772,2250,131,67,4893,1925,692,2,4356
Knight.png,semantic_scan,1906,2251,123,71,4850,1883,599,2,4317
Knight.png,semantic_scan,2035,2252,123,71,4817,1887,595,2,4318
Knight.png,semantic_scan,1643,2253,129,67,5040,1925,655,2,4437
Knight.png,semantic_scan,2466,2261,114,111,5832,1715,727,2,4253
Knight.png,semantic_scan,3370,2266,128,62,5005,1923,688,2,4375
Knight.png,semantic_scan,3504,2267,127,58,4947,1958,721,2,4228
Knight.png,semantic_scan,3014,2269,126,80,4969,2311,418,2,4444
Knight.png,semantic_scan,2714,2288,99,111,5506,1867,707,2,4377
Knight.png,semantic_scan,3146,2290,119,69,4847,1911,534,2,4281
Knight.png,semantic_scan,2586,2299,122,81,4951,1870,710,2,4395
Knight.png,semantic_scan,2820,2329,126,77,5431,2002,409,2,4519
Knight.png,semantic_scan,3272,2331,128,62,4991,1923,662,2,4370
Knight.png,semantic_scan,3406,2331,127,62,4896,1947,662,2,4387
Knight.png,semantic_scan,3536,2339,113,72,4608,1766,535,2,3780
Knight.png,semantic_scan,2955,2353,118,78,5245,2116,418,2,4508
Knight.png,semantic_scan,1858,2365,72,109,4407,1908,460,2,3808
Knight.png,semantic_scan,3076,2365,68,125,4906,1911,515,2,4313
Knight.png,semantic_scan,2405,2375,95,118,5870,1794,417,2,4430
Knight.png,semantic_scan,2520,2386,97,114,5531,1713,657,2,4098
Knight.png,semantic_scan,3147,2396,62,128,5045,1923,761,2,4437
Knight.png,semantic_scan,3212,2396,62,128,5035,1939,712,2,4409
Knight.png,semantic_scan,3277,2396,62,128,4980,1932,619,2,4347
Knight.png,semantic_scan,3342,2396,62,128,5065,1932,615,2,4378
Knight.png,semantic_scan,3410,2402,62,122,4798,1953,711,2,4154
Knight.png,semantic_scan,2625,2405,97,120,6269,1966,1302,2,5087
Knight.png,semantic_scan,2725,2414,98,99,4450,1546,307,2,3260
Knight.png,semantic_scan,3475,2414,72,113,4608,1766,537,2,3772
Knight.png,semantic_scan,3553,2418,57,126,4586,1970,565,2,4078
Knight.png,semantic_scan,2830,2427,80,126,5355,1983,623,2,4663
Knight.png,semantic_scan,18,2432,357,435,41549,1763,689,2,5351
Knight.png,semantic_scan,3620,2436,61,131,4910,1959,754,2,4240
Knight.png,semantic_scan,2917,2437,73,124,4883,1975,319,2,4279
Knight.png,semantic_scan,2993,2490,80,124,5025,2367,410,2,4451
Knight.png,semantic_scan,3076,2490,71,128,4892,1906,703,2,4317
Knight.png,semantic_scan,2383,2499,101,118,6342,2461,758,2,5269
Knight.png,semantic_scan,3147,2527,66,125,4869,1830,542,2,4229
Knight.png,semantic_scan,3220,2530,128,60,4933,1934,712,2,4374
Knight.png,semantic_scan,3352,2530,126,60,4804,1924,628,2,4265
Knight.png,semantic_scan,2607,2533,129,91,6189,2362,508,2,5054
Knight.png,semantic_scan,3481,2550,127,56,4793,2267,415,2,4390
Knight.png,semantic_scan,2742,2559,100,107,6042,1833,660,2,4488
Knight.png,semantic_scan,2848,2568,80,129,5366,1991,670,2,4685
Knight.png,semantic_scan,3611,2570,128,63,4946,1979,584,2,4321
Knight.png,semantic_scan,3219,2594,128,61,5047,1975,735,2,4275
Knight.png,semantic_scan,1424,2611,170,112,10209,1910,1735,2,5228
Knight.png,semantic_scan,1643,2613,147,110,6495,2585,627,2,5854
Knight.png,semantic_scan,3353,2615,127,56,4756,2231,466,2,4367
Knight.png,semantic_scan,1800,2616,149,114,7375,1939,988,2,4629
Knight.png,semantic_scan,1977,2619,145,109,7548,1896,1447,2,4866
Knight.png,semantic_scan,2928,2620,80,125,5072,2335,495,2,4492
Knight.png,semantic_scan,3011,2621,83,123,5023,1909,393,2,4089
Knight.png,semantic_scan,2283,2624,119,109,5770,1842,349,2,4495
Knight.png,semantic_scan,2519,2624,95,126,5746,2800,138,2,3988
Knight.png,semantic_scan,3487,2636,129,61,5032,1940,704,2,4419
Knight.png,semantic_scan,2617,2652,95,123,5940,1900,715,2,4550
Knight.png,semantic_scan,3165,2655,127,64,4914,2290,641,2,4434
Knight.png,semantic_scan,3097,2658,62,124,4816,1916,664,2,4102
Knight.png,semantic_scan,2718,2672,99,107,6027,1844,653,2,4521
Knight.png,semantic_scan,3295,2681,131,146,9832,1939,1678,2,5569
Knight.png,semantic_scan,3429,2697,60,129,5070,1934,675,2,4402
Knight.png,semantic_scan,2821,2700,85,129,5494,1991,433,2,4529
Knight.png,semantic_scan,3496,2716,61,131,5155,1980,715,2,4445
Knight.png,semantic_scan,3165,2722,127,60,4980,1924,498,2,4348
Knight.png,semantic_scan,1163,2729,126,62,5259,1940,1277,2,4781
Knight.png,semantic_scan,1295,2729,124,72,5134,2051,388,2,4365
Knight.png,semantic_scan,1422,2729,128,75,5037,1894,364,2,4335
Knight.png,semantic_scan,1561,2729,123,84,6415,2216,1173,2,4938
Knight.png,semantic_scan,1906,2734,135,94,6297,1825,1501,2,4848
Knight.png,semantic_scan,2201,2740,125,99,5632,2518,628,2,5093
Knight.png,semantic_scan,2332,2741,114,104,5879,1713,950,2,4358
Knight.png,semantic_scan,2452,2753,102,107,5987,1812,654,2,4478
Knight.png,semantic_scan,2909,2756,127,73,5125,1955,503,2,4338
Knight.png,semantic_scan,2560,2778,127,89,5410,1991,546,2,4418
Knight.png,semantic_scan,3045,2788,126,74,4987,1914,517,2,4334
Knight.png,semantic_scan,2690,2793,126,79,5140,1913,611,2,4279
Knight.png,semantic_scan,3177,2805,127,59,4998,1934,858,2,4389
Knight.png,semantic_scan,1621,2827,146,123,6646,2010,1086,2,4777
Knight.png,semantic_scan,3310,2830,126,64,4948,1912,711,2,4348
Knight.png,semantic_scan,2825,2832,128,69,5558,1963,1614,2,5206
Knight.png,semantic_scan,2079,2850,127,83,4940,1774,7,2,4058
Knight.png,semantic_scan,3439,2850,112,70,4486,1762,507,2,3718
Knight.png,semantic_scan,2210,2851,120,102,5753,2449,316,2,5051
Knight.png,semantic_scan,2330,2856,102,109,5337,2218,234,2,4820
Knight.png,semantic_scan,3091,2867,128,79,5426,1964,435,2,4482
Knight.png,semantic_scan,2438,2871,102,107,5970,1824,684,2,4521
Knight.png,semantic_scan,2546,2873,98,113,5675,1979,651,2,4212
Knight.png,semantic_scan,3554,2874,116,62,4880,2041,592,2,4327
Knight.png,semantic_scan,2653,2875,86,115,5606,2349,364,2,5107
Knight.png,semantic_scan,2956,2882,132,62,5106,1924,803,2,4587
Knight.png,semantic_scan,3225,2897,128,64,5066,1981,600,2,4442
Knight.png,semantic_scan,2752,2917,85,105,6092,1640,1231,2,4746
Knight.png,semantic_scan,3356,2923,121,65,4757,1817,315,2,3996
Knight.png,semantic_scan,643,2933,132,71,5210,2023,478,2,4582
Knight.png,semantic_scan,775,2939,135,68,4872,1886,568,2,4080
Knight.png,semantic_scan,3480,2939,128,65,4978,1982,596,2,4319
Knight.png,semantic_scan,1106,2946,172,112,9698,1896,1560,2,5032
Knight.png,semantic_scan,927,2948,159,91,9552,5907,1365,2,10003
Knight.png,semantic_scan,2847,2950,128,69,5523,1968,1574,2,5192
Knight.png,semantic_scan,12,2953,462,483,70782,1780,855,2,5325
Knight.png,semantic_scan,1623,2956,129,56,4542,1861,573,2,3821
Knight.png,semantic_scan,1890,2956,123,67,4875,2392,387,2,4554
Knight.png,semantic_scan,2023,2956,128,89,5086,1919,459,2,4144
Knight.png,semantic_scan,1755,2957,132,62,4856,1924,685,2,4287
Knight.png,semantic_scan,3611,2962,109,68,4506,1062,822,2,2835
Knight.png,semantic_scan,2978,2965,132,65,5194,1951,822,2,4678
Knight.png,semantic_scan,2154,2966,125,88,5341,2010,669,2,4458
Knight.png,semantic_scan,3116,2967,111,86,6147,2563,921,2,5131
Knight.png,semantic_scan,2285,2978,120,96,5572,2446,184,2,4923
Knight.png,semantic_scan,2411,2989,103,114,5808,1986,573,2,4271
Knight.png,semantic_scan,3233,2991,126,62,4947,1791,389,2,4153
Knight.png,semantic_scan,2517,2992,81,126,5061,1919,601,2,4274
Knight.png,semantic_scan,2616,2996,87,123,5570,1993,1031,2,4415
Knight.png,semantic_scan,3483,3007,62,117,4925,2019,593,2,4304
Knight.png,semantic_scan,797,3017,85,34,1984,1449,226,1,2177
Knight.png,semantic_scan,1826,3029,127,110,5838,2115,62,2,2850
Knight.png,semantic_scan,3548,3030,60,127,4838,1902,698,2,4228
Knight.png,semantic_scan,2709,3033,96,113,5228,1793,775,2,4105
Knight.png,semantic_scan,2816,3033,69,128,5555,1968,1609,2,5204
Knight.png,semantic_scan,2981,3033,126,78,5210,1993,620,2,4668
Knight.png,semantic_scan,3362,3033,115,68,5027,2159,172,2,3138
Knight.png,semantic_scan,3614,3035,62,125,4955,2023,737,2,4480
Knight.png,semantic_scan,1997,3051,84,126,4511,1825,645,2,3825
Knight.png,semantic_scan,2888,3056,179,166,9972,1909,381,2,4029
Knight.png,semantic_scan,3110,3059,124,78,5600,1962,832,2,4869
Knight.png,semantic_scan,2092,3061,94,110,5685,1962,2475,2,5672
Knight.png,semantic_scan,2200,3085,96,106,5106,2384,1421,2,5195
Knight.png,semantic_scan,1221,3088,109,81,4742,1920,512,2,3912
Knight.png,semantic_scan,3240,3104,126,62,4621,1970,582,2,4124
Knight.png,semantic_scan,2305,3113,126,89,5584,2520,647,2,4648
Knight.png,semantic_scan,2434,3121,101,109,5306,1967,665,2,4272
Knight.png,semantic_scan,2539,3122,96,119,6068,2431,439,2,4928
Knight.png,semantic_scan,3369,3127,129,61,5027,1975,649,2,4373
Knight.png,semantic_scan,3080,3143,118,81,5065,1918,526,2,4311
Knight.png,semantic_scan,1712,3147,116,117,7768,1927,1958,2,5715
Knight.png,semantic_scan,2638,3150,94,113,5716,1865,753,2,4407
Knight.png,semantic_scan,1882,3161,83,121,4519,1810,567,2,3688
Knight.png,semantic_scan,3501,3163,111,67,4362,1847,558,2,3835
Knight.png,semantic_scan,3615,3166,108,62,4244,1143,1030,2,3237
Knight.png,semantic_scan,2735,3169,85,124,4999,1913,380,2,4117
Knight.png,semantic_scan,3734,3170,87,75,3794,1685,353,2,3251
Knight.png,semantic_scan,3205,3172,124,78,5582,2368,6,2,3636
Knight.png,semantic_scan,1971,3177,114,126,5866,2173,469,2,4683
Knight.png,semantic_scan,2826,3182,81,131,5619,1984,589,2,4744
Knight.png,semantic_scan,3332,3192,119,68,4777,1879,483,2,4183
Knight.png,semantic_scan,2202,3205,98,117,5499,1798,1104,2,4390
Knight.png,semantic_scan,3045,3227,125,80,5238,1935,584,2,4570
Knight.png,semantic_scan,2910,3230,129,77,4911,2118,552,2,4402
Knight.png,semantic_scan,3458,3230,125,67,4710,2133,671,2,4201
Knight.png,semantic_scan,3583,3234,67,111,4361,1909,65,2,2691
Knight.png,semantic_scan,2303,3236,76,90,4568,2415,114,2,4414
Knight.png,semantic_scan,2436,3247,118,97,5585,1984,637,2,4219
Knight.png,semantic_scan,1144,3248,129,64,5035,1931,587,2,4313
Knight.png,semantic_scan,1279,3251,167,92,9333,3099,3305,2,8285
Knight.png,semantic_scan,3656,3251,72,94,4093,1702,405,2,3334
Knight.png,semantic_scan,1009,3252,129,60,4985,1931,563,2,4292
Knight.png,semantic_scan,3735,3252,72,93,4043,1408,545,2,2882
Knight.png,semantic_scan,3180,3256,122,80,4851,1925,246,2,4160
Knight.png,semantic_scan,873,3262,113,184,8074,1944,0,2,2071
Knight.png,semantic_scan,3305,3266,128,79,4869,1884,332,2,4121
Knight.png,semantic_scan,2557,3269,98,110,4660,1945,670,2,4107
Knight.png,semantic_scan,1754,3285,89,111,4496,1756,286,2,4021
Knight.png,semantic_scan,2658,3296,123,90,5534,2024,634,2,4299
Knight.png,semantic_scan,3436,3300,127,61,4791,1818,743,2,4172
Knight.png,semantic_scan,1873,3303,89,126,5548,2012,605,2,4337
Knight.png,semantic_scan,2907,3310,80,132,5054,2011,603,2,4547
Knight.png,semantic_scan,2993,3313,77,129,4941,2544,8,2,3422
Knight.png,semantic_scan,2787,3320,117,86,5174,1869,516,2,4201
Knight.png,semantic_scan,2000,3322,97,118,6133,2104,1889,2,5736
Knight.png,semantic_scan,2218,3332,101,117,5576,2233,264,2,4836
Knight.png,semantic_scan,3077,3335,85,121,5687,2130,359,2,4558
Knight.png,semantic_scan,3168,3342,80,123,4917,1896,398,2,4145
Knight.png,semantic_scan,2429,3347,103,115,5718,502,210,1,1169
Knight.png,semantic_scan,2322,3349,107,112,5828,496,198,1,1146
Knight.png,semantic_scan,3251,3351,127,79,5044,1913,435,2,4206
Knight.png,semantic_scan,3567,3351,120,66,4911,1853,565,2,4171
Knight.png,semantic_scan,3690,3352,66,103,4236,1715,604,2,3639
Knight.png,semantic_scan,3384,3367,124,80,5045,1902,413,2,4136
Knight.png,semantic_scan,3763,3368,80,84,3709,2129,0,2,2946
Knight.png,semantic_scan,2535,3385,102,107,5951,1835,611,2,4434
Knight.png,semantic_scan,2640,3389,93,112,5444,1807,1005,2,4334
Knight.png,semantic_scan,1555,3396,116,140,8862,165,569,1,932
Knight.png,semantic_scan,2739,3412,119,92,6610,1794,1562,2,5040
Knight.png,semantic_scan,3515,3417,127,67,4976,1930,516,2,4340
Knight.png,semantic_scan,1674,3418,121,126,5596,1994,442,2,4344
Knight.png,semantic_scan,1801,3435,116,122,5548,1993,894,2,4775
Knight.png,semantic_scan,3262,3436,71,127,5548,1966,1610,2,5198
Knight.png,semantic_scan,2038,3446,106,123,5836,2024,1122,2,4757
Knight.png,semantic_scan,2864,3448,124,80,5330,2123,454,2,4561
Knight.png,semantic_scan,3336,3450,80,127,5307,1982,567,2,4675
Knight.png,semantic_scan,2156,3452,93,125,5724,1973,630,2,4591
Knight.png,semantic_scan,1931,3457,103,108,5619,1584,921,2,4253
Knight.png,semantic_scan,3645,3458,116,64,4854,2298,600,2,4372
Knight.png,semantic_scan,2994,3459,132,80,5022,2011,601,2,4572
Knight.png,semantic_scan,3767,3460,84,80,3709,2004,9,2,4413
Knight.png,semantic_scan,2252,3464,91,125,5165,1985,525,2,4349
Knight.png,semantic_scan,2350,3465,90,127,5233,1884,546,2,4023
Knight.png,semantic_scan,2453,3470,72,129,5884,1925,1782,2,5401
Knight.png,semantic_scan,3129,3477,119,80,5142,1887,519,2,4412
Knight.png,semantic_scan,3416,3487,100,103,4934,1497,775,2,3903
Knight.png,semantic_scan,2533,3503,102,104,4735,1465,1201,2,3661
Knight.png,semantic_scan,2638,3507,102,107,5975,1831,624,2,4438
Knight.png,semantic_scan,3522,3528,128,62,4937,1963,662,2,4382
Knight.png,semantic_scan,2743,3534,130,71,5855,2735,805,2,5652
Knight.png,semantic_scan,1079,3536,111,122,9372,2585,5193,2,9206
Knight.png,semantic_scan,2873,3539,133,73,5798,2740,752,2,5573
Knight.png,semantic_scan,3656,3543,130,64,4912,1948,603,2,4376
Knight.png,semantic_scan,1346,3546,135,125,9702,453,169,1,1052
Knight.png,semantic_scan,1628,3559,83,119,4949,2081,0,2,2332
Knight.png,semantic_scan,1748,3560,118,127,5616,1978,1427,2,4542
Knight.png,semantic_scan,3010,3560,128,69,5575,1963,1614,2,5203
Knight.png,semantic_scan,3141,3568,117,92,5327,2165,363,2,4413
Knight.png,semantic_scan,3791,3573,93,46,2956,2222,0,2,2570
Knight.png,semantic_scan,3261,3583,127,80,5069,2348,515,2,4556
Knight.png,semantic_scan,2121,3586,117,103,6832,3351,904,2,7785
Knight.png,semantic_scan,2244,3592,119,103,5905,2182,519,2,4682
Knight.png,semantic_scan,2366,3606,103,90,6155,2455,1148,2,5505
Knight.png,semantic_scan,3394,3606,130,62,5114,1924,774,2,4556
Knight.png,semantic_scan,3530,3610,128,62,4882,1968,610,2,4371
Knight.png,semantic_scan,2498,3613,122,82,5372,2065,343,2,4382
Knight.png,semantic_scan,2623,3621,124,90,5861,2054,478,2,4677
Knight.png,semantic_scan,2883,3626,115,89,4876,1961,405,2,4158
Knight.png,semantic_scan,3797,3632,96,63,3740,1168,741,2,2907
Knight.png,semantic_scan,2756,3633,118,83,5020,1912,335,2,4057
Knight.png,semantic_scan,3664,3633,127,58,4871,1970,620,2,4144
Knight.png,semantic_scan,3001,3640,128,76,5624,2693,732,2,5415
Knight.png,semantic_scan,3132,3666,132,80,5120,2011,604,2,4615
Knight.png,semantic_scan,1140,3671,263,66,9993,1921,954,2,4926
Knight.png,semantic_scan,3267,3674,127,80,5060,2374,501,2,4576
Knight.png,semantic_scan,3400,3675,126,80,5028,2367,438,2,4510
Knight.png,semantic_scan,1408,3676,128,103,6299,1793,1456,2,4812
Knight.png,semantic_scan,1557,3684,126,92,5663,1805,1218,2,4600
Knight.png,semantic_scan,3532,3697,128,62,4901,1968,639,2,4374
Knight.png,semantic_scan,1987,3698,132,89,5062,1915,515,2,4153
Knight.png,semantic_scan,1850,3700,134,89,5591,1931,462,2,4376
Knight.png,semantic_scan,4037,3701,54,128,4544,1858,727,2,4123
Knight.png,semantic_scan,2392,3702,126,88,5489,1995,831,2,4747
Knight.png,semantic_scan,2122,3704,132,83,5241,1914,655,2,4268
Knight.png,semantic_scan,2257,3709,132,79,5100,1914,460,2,4132
Knight.png,semantic_scan,2652,3716,114,93,6165,2846,713,2,5400
Knight.png,semantic_scan,2527,3719,125,83,5112,1908,349,2,4145
Knight.png,semantic_scan,2775,3721,117,90,5690,1969,620,2,4541
Knight.png,semantic_scan,3666,3721,127,58,4927,1970,635,2,4162
Knight.png,semantic_scan,2895,3729,128,76,5622,2655,741,2,5337
Knight.png,semantic_scan,3023,3746,132,73,5806,1929,1772,2,5331
Knight.png,semantic_scan,3161,3754,130,71,5563,1948,1593,2,5234
Knight.png,semantic_scan,3297,3755,127,80,5251,1995,639,2,4700
Knight.png,semantic_scan,3424,3762,125,83,5020,1883,434,2,4153
Knight.png,semantic_scan,3555,3785,128,62,4961,1957,660,2,4399
Knight.png,semantic_scan,2160,3791,103,96,4790,1642,641,2,3905
Knight.png,semantic_scan,1755,3792,136,102,6399,2259,712,2,5053
Knight.png,semantic_scan,1897,3793,125,100,5787,2385,943,2,4782
Knight.png,semantic_scan,2409,3802,127,93,5667,2059,343,2,4584
Knight.png,semantic_scan,2289,3812,117,82,5963,1934,1930,2,5295
Knight.png,semantic_scan,2667,3817,131,74,5726,2745,739,2,5581
Knight.png,semantic_scan,3689,3818,127,61,5008,2088,567,2,4371
Knight.png,semantic_scan,2542,3820,125,83,5094,1916,349,2,4144
Knight.png,semantic_scan,2803,3821,114,91,5517,2032,401,2,4590
Knight.png,semantic_scan,2923,3832,134,83,5792,2024,670,2,4887
Knight.png,semantic_scan,4037,3832,56,129,4599,1969,656,2,4112
Knight.png,semantic_scan,3060,3836,124,87,5055,1913,436,2,4183
Knight.png,semantic_scan,3187,3845,128,77,5362,1940,613,2,4272
Knight.png,semantic_scan,3448,3847,132,80,5279,2423,449,2,4764
Knight.png,semantic_scan,3318,3848,127,77,5482,2005,410,2,4519
Knight.png,semantic_scan,3580,3882,62,128,4945,1957,728,2,4423
Knight.png,semantic_scan,3648,3882,59,128,4921,1873,716,2,4378
Knight.png,semantic_scan,1169,3892,128,60,4927,2017,735,2,4398
Knight.png,semantic_scan,1300,3897,140,78,5304,1835,795,2,3939
Knight.png,semantic_scan,1594,3897,128,68,5556,1957,1630,2,5219
Knight.png,semantic_scan,1731,3897,128,78,5381,2773,17,2,4339
Knight.png,semantic_scan,3774,3898,60,129,4999,1934,670,2,4383
Knight.png,semantic_scan,1865,3900,130,68,5854,1934,1602,2,5033
Knight.png,semantic_scan,2004,3901,128,79,5322,1983,561,2,4650
Knight.png,semantic_scan,2140,3901,127,86,4945,1904,428,2,4078
Knight.png,semantic_scan,2267,3901,129,83,5883,2564,251,2,3463
Knight.png,semantic_scan,2402,3901,256,92,11061,3067,1,2,4927
Knight.png,semantic_scan,3713,3901,58,127,4881,1970,522,2,4249
Knight.png,semantic_scan,1444,3903,128,67,4932,1891,484,2,4082
Knight.png,semantic_scan,2920,3918,123,85,5463,1942,377,2,4391
Knight.png,semantic_scan,2665,3922,122,71,4778,1935,247,2,4353
Knight.png,semantic_scan,2795,3924,119,80,5083,1909,615,2,4316
Knight.png,semantic_scan,3188,3925,122,85,5492,1991,455,2,4536
Knight.png,semantic_scan,3049,3926,128,69,5610,1957,1598,2,5221
Knight.png,semantic_scan,3447,3930,127,80,5231,2172,38,2,3253
Knight.png,semantic_scan,3318,3935,125,73,5095,1908,489,2,4191
Knight.png,semantic_scan,4034,3964,59,129,4931,1944,607,2,4186
Knight.png,semantic_scan,1304,3978,119,118,5329,2077,884,2,4335
Knight.png,semantic_scan,1467,3980,122,105,6512,1616,1268,2,4381
Knight.png,semantic_scan,1598,3981,141,112,5875,1757,987,2,4512
Knight.png,semantic_scan,1894,3987,125,105,6387,2387,1519,2,5365
Knight.png,semantic_scan,1745,3988,135,105,8795,2523,2704,2,7847
Knight.png,semantic_scan,2047,3990,107,83,4372,1774,7,2,4011
Knight.png,semantic_scan,2289,3994,125,99,5678,2504,755,2,5135
Knight.png,semantic_scan,2417,3996,126,100,5774,1996,958,2,4958
Knight.png,semantic_scan,2549,3999,118,97,5362,1984,504,2,4119
Knight.png,semantic_scan,2671,4000,112,93,5343,1885,841,2,4411
Knight.png,semantic_scan,2919,4006,123,90,5404,2034,732,2,4423
Knight.png,semantic_scan,3048,4011,123,85,5016,1909,464,2,4106
Knight.png,semantic_scan,3573,4013,128,80,5226,1947,574,2,4610
Knight.png,semantic_scan,3174,4014,132,69,5715,2751,739,2,5548
Knight.png,semantic_scan,3306,4014,133,79,5540,1560,668,2,4162
Knight.png,semantic_scan,3443,4016,127,69,5527,1947,1605,2,5189
Knight.png,semantic_scan,2791,4025,122,68,4796,1903,513,2,4229
Knight.png,semantic_scan,3709,4034,128,62,4996,1932,615,2,4334
Knight.png,manual_default_skadi_review,2977,3116,95,109,5002,1910,554,2,4196
Knight.png,manual_default_skadi_review,2401,3900,129,89,5163,1974,541,2,4539
Knight.png,manual_default_skadi_review,267,3678,120,132,13693,1766,875,2,5555
Sprint.png,semantic_scan,76,35,74,122,4709,1919,472,2,4124
Sprint.png,semantic_scan,3,46,73,128,4712,1941,379,2,4135
Sprint.png,semantic_scan,195,114,71,125,4762,1949,487,2,4186
Sprint.png,semantic_scan,413,160,77,110,4909,2271,338,2,4678
Sprint.png,semantic_scan,76,163,116,79,4528,1847,340,2,3889
Sprint.png,semantic_scan,3,174,70,123,4898,1906,504,2,4126
Sprint.png,semantic_scan,288,227,122,78,4721,1906,433,2,4109
Sprint.png,semantic_scan,208,239,73,121,4836,1924,484,2,4118
Sprint.png,semantic_scan,94,248,83,118,4756,1912,417,2,4088
Sprint.png,semantic_scan,438,270,74,129,4767,1921,248,2,2649
Sprint.png,semantic_scan,0,304,91,112,5608,1994,337,2,4532
Sprint.png,semantic_scan,323,308,112,88,5534,1994,337,2,4515
Sprint.png,semantic_scan,98,366,104,96,5354,1827,322,2,4238
Sprint.png,semantic_scan,216,367,104,96,5416,1827,322,2,4278
Sprint.png,semantic_scan,331,399,119,89,4806,1910,511,2,4160
Sprint.png,semantic_scan,3,416,89,117,5708,1999,517,2,4666
Sprint.png,semantic_scan,216,463,112,91,5623,1374,457,2,4082
Sprint.png,semantic_scan,0,465,211,192,17300,1768,517,2,3892
Sprint.png,semantic_scan,331,504,131,65,5103,1949,597,2,4486
Sprint.png,semantic_scan,214,554,114,96,5766,1359,584,2,4151
Sprint.png,semantic_scan,341,569,114,96,5752,1540,2855,2,5752
Sprint.png,semantic_scan,224,653,114,103,5824,1342,610,2,4208
Sprint.png,semantic_scan,350,668,118,100,5788,2383,247,2,4910
Sprint.png,semantic_scan,3,705,90,76,4698,2181,237,2,4369
Sprint.png,semantic_scan,131,711,90,76,4629,2181,217,2,4320
Sprint.png,semantic_scan,350,774,76,90,4751,2207,264,2,4426
Sprint.png,semantic_scan,257,775,90,112,6530,2426,1743,2,5603
Sprint.png,semantic_scan,3,781,122,111,5651,2108,266,2,4750
Cloak.png,semantic_scan,89,366,90,83,3907,1559,9,2,3545
Cloak.png,semantic_scan,0,446,89,162,7738,1532,693,2,4068
Cloak.png,semantic_scan,90,452,90,81,3836,1612,9,1,3763
Cloak.png,semantic_scan,286,471,80,90,3806,2082,3,2,4414
Cloak.png,semantic_scan,196,480,90,81,3836,1996,0,2,2841
Cloak.png,semantic_scan,106,536,90,81,3836,1956,9,2,4393
Cloak.png,semantic_scan,373,549,87,84,4169,1966,226,2,4556
Cloak.png,semantic_scan,675,550,90,83,3854,1977,7,2,4474
Cloak.png,semantic_scan,278,561,88,91,4453,2456,0,2,3250
Cloak.png,semantic_scan,0,614,106,92,4673,2010,614,2,4074
Cloak.png,semantic_scan,160,617,115,103,5718,502,210,1,1169
Cloak.png,semantic_scan,507,629,58,127,4871,1970,620,2,4138
Cloak.png,semantic_scan,613,632,58,127,4947,1958,721,2,4233
Cloak.png,semantic_scan,933,643,82,116,4974,1822,453,2,4260
Cloak.png,semantic_scan,301,652,112,107,5828,496,198,1,1146
Cloak.png,semantic_scan,826,685,104,126,6399,318,280,2,1014
Cloak.png,semantic_scan,439,730,62,128,5027,2155,414,2,3231
Cloak.png,semantic_scan,163,736,135,125,9702,453,169,1,1052
Cloak.png,semantic_scan,79,749,72,109,4407,1908,460,2,3808
Cloak.png,semantic_scan,504,762,106,94,4786,2105,497,2,4148
Cloak.png,semantic_scan,613,762,98,91,4422,1932,514,2,3855
Cloak.png,semantic_scan,946,762,62,126,4621,1970,582,2,4093
Cloak.png,semantic_scan,301,764,135,92,6665,310,359,1,1044
Cloak.png,semantic_scan,16,882,232,142,18992,403,152,1,997
Cloak.png,semantic_scan,949,891,58,130,4962,1853,630,2,4172
Shriek.png,semantic_scan,264,57,73,111,4515,1775,614,2,3818
Shriek.png,semantic_scan,0,137,113,96,5257,234,1124,1,1584
Wings.png,semantic_scan,3,47,86,113,4989,1963,475,2,4146
Wings.png,semantic_scan,6,177,134,94,5970,1931,656,2,4589
Wings.png,semantic_scan,3,276,125,117,8121,1919,1970,2,5607
Wings.png,semantic_scan,153,276,99,120,6136,1951,1549,2,5534
Wings.png,semantic_scan,285,339,123,199,13901,1867,6325,2,10587
Wings.png,semantic_scan,4,400,273,172,22925,6150,11685,2,21938
Wings.png,semantic_scan,513,550,413,203,39794,12844,20848,2,39193
Wings.png,semantic_scan,359,560,108,185,9954,1929,5062,2,9183
Wings.png,semantic_scan,5,580,349,178,28714,26346,120,2,37938
Webbed.png,semantic_scan,3,261,79,130,5453,1989,570,2,4706
Webbed.png,semantic_scan,88,268,129,80,5375,1988,592,2,4634
Webbed.png,semantic_scan,227,276,80,129,5375,1988,567,2,4566
Webbed.png,semantic_scan,726,351,78,124,5314,1993,516,2,4572
Webbed.png,semantic_scan,94,354,130,79,5453,2222,571,2,4796
Webbed.png,semantic_scan,345,371,129,80,5409,2202,546,2,4707
Webbed.png,semantic_scan,8,394,83,125,5094,1916,349,2,4107
Webbed.png,semantic_scan,596,397,124,78,5292,1991,511,2,4578
Webbed.png,semantic_scan,254,408,85,130,5255,1974,567,2,4554
Webbed.png,semantic_scan,510,413,80,131,5477,1986,557,2,4685
Webbed.png,semantic_scan,125,436,118,97,5585,1984,637,2,4198
Webbed.png,semantic_scan,384,454,123,89,5311,2520,7,2,3872
Webbed.png,semantic_scan,814,475,130,109,5445,1974,853,2,4862
Webbed.png,semantic_scan,642,482,127,99,5402,2588,14,2,4059
Webbed.png,semantic_scan,3,525,107,130,5532,1974,881,2,4900
Webbed.png,semantic_scan,125,536,121,117,5413,2344,166,2,5359
Webbed.png,semantic_scan,252,544,125,109,5444,2361,180,2,5376
Webbed.png,semantic_scan,383,551,125,103,5400,2425,177,2,5341
Webbed.png,semantic_scan,514,551,125,103,5396,2431,38,2,3384
Webbed.png,semantic_scan,669,585,139,126,5726,2030,998,2,5265
Webbed.png,semantic_scan,817,599,137,124,5737,2069,0,2,2533
Webbed.png,semantic_scan,669,714,141,126,5579,2270,55,2,3126
Webbed.png,semantic_scan,853,729,139,124,5635,2138,0,2,2627
Webbed.png,semantic_scan,683,860,149,150,9239,1992,3537,2,6812
Webbed.png,semantic_scan,877,864,113,98,5691,1979,651,2,4202
Webbed.png,semantic_scan,707,947,36,45,295,970,409,2,1803
Webbed.png,manual_embedded_in_web_beam_review,316,771,105,120,9433,0,0,2,3498
DreamArrival.png,semantic_scan,3,5,104,114,5879,1713,950,2,4345
DreamArrival.png,semantic_scan,3,158,127,58,4871,1970,620,2,4144
DreamArrival.png,semantic_scan,705,452,91,98,4422,1932,514,2,3885
DreamArrival.png,semantic_scan,799,455,127,58,4947,1958,721,2,4228
DreamArrival.png,semantic_scan,920,519,104,113,5351,1766,722,2,4110
DreamArrival.png,semantic_scan,803,533,114,97,5531,1713,657,2,4113
DreamArrival.png,semantic_scan,705,553,92,106,4673,2119,0,2,2779
DreamArrival.png,semantic_scan,926,632,91,108,4714,1932,616,2,4026
DreamArrival.png,semantic_scan,806,641,114,111,5832,1715,727,2,4253
DreamArrival.png,semantic_scan,934,743,62,126,4621,2079,0,2,2747
DreamArrival.png,semantic_scan,803,766,118,97,6133,2397,1710,2,6295
DreamArrival.png,semantic_scan,882,912,72,109,4407,1908,460,2,3808
Dreamnail.png,semantic_scan,815,417,170,182,8861,2568,3231,2,7049
Dreamnail.png,semantic_scan,684,481,125,92,5993,2069,588,2,4866
Dreamnail.png,semantic_scan,0,491,128,63,4940,1979,584,2,4332
Dreamnail.png,semantic_scan,130,518,62,128,5063,1932,615,2,4376
Dreamnail.png,semantic_scan,3,557,124,92,5670,2065,648,2,4835
Dreamnail.png,semantic_scan,231,574,95,127,6373,2072,981,2,5113
Dreamnail.png,semantic_scan,617,576,61,128,5060,1929,568,2,4364
Dreamnail.png,semantic_scan,684,579,125,95,6127,2070,38,2,2657
Dreamnail.png,semantic_scan,329,591,128,65,4978,1982,596,2,4319
Dreamnail.png,semantic_scan,75,658,133,173,8414,2416,36,2,2703
Dreamnail.png,semantic_scan,430,665,131,171,8257,2473,16,1,2762
Dreamnail.png,semantic_scan,868,665,116,170,7975,2359,2235,1,5682
Dreamnail.png,semantic_scan,231,704,95,127,6202,2072,815,2,4997
Dreamnail.png,semantic_scan,614,711,72,128,5175,1998,306,2,4491
Dreamnail.png,semantic_scan,694,742,139,255,12296,9610,1097,2,13057
Dreamnail.png,semantic_scan,0,838,323,179,24623,21115,1340,2,27180
Dreamnail.png,semantic_scan,857,843,133,178,8531,2792,2892,2,6924
Dreamnail.png,semantic_scan,443,848,135,173,10198,6858,927,2,9834
Birthplace.png,semantic_scan,3,411,59,142,5594,2186,592,2,4950
Birthplace.png,semantic_scan,65,414,60,142,5649,2180,544,2,4952
Birthplace.png,semantic_scan,129,536,59,142,5590,2186,592,2,4950
Birthplace.png,semantic_scan,0,556,60,141,5596,2175,597,2,5003
Birthplace.png,semantic_scan,66,556,60,141,5603,2180,553,2,4942
Birthplace.png,semantic_scan,206,605,60,143,5665,2180,490,2,4925
Birthplace.png,semantic_scan,351,622,75,82,3763,2021,59,2,4029
Birthplace.png,semantic_scan,274,650,60,140,5631,2180,516,2,4929
Birthplace.png,semantic_scan,138,681,65,131,5076,1949,566,2,4100
Birthplace.png,semantic_scan,68,700,67,137,5134,1764,365,2,4028
Birthplace.png,semantic_scan,4,701,61,137,4918,1832,337,2,4026
Birthplace.png,semantic_scan,391,704,191,143,10530,2582,59,2,3636
Birthplace.png,semantic_scan,601,704,58,127,4927,1970,635,2,4152
Birthplace.png,semantic_scan,722,708,77,66,2930,1836,0,2,3450
Birthplace.png,semantic_scan,819,737,77,69,3188,2212,12,2,3761
Birthplace.png,semantic_scan,211,748,60,142,5590,2180,574,2,4938
Birthplace.png,semantic_scan,738,777,78,77,3489,3145,0,2,4479
Birthplace.png,semantic_scan,311,793,77,112,5142,1864,638,2,4279
Birthplace.png,semantic_scan,910,797,77,79,3614,1883,14,2,3998
Birthplace.png,semantic_scan,475,805,60,140,5632,2682,6,2,3957
Birthplace.png,semantic_scan,535,805,63,140,5619,2667,6,2,3914
Birthplace.png,semantic_scan,819,809,88,68,3793,2267,0,2,3630
Birthplace.png,semantic_scan,673,812,61,128,5047,1975,735,2,4273
Birthplace.png,semantic_scan,145,815,63,138,4920,1827,332,2,4019
Birthplace.png,semantic_scan,77,837,58,141,5643,2177,578,2,4946
Birthplace.png,semantic_scan,607,837,63,131,4854,2161,685,2,4418
Birthplace.png,semantic_scan,0,838,66,138,5284,2126,809,2,4644
Birthplace.png,semantic_scan,394,850,78,112,5351,1981,814,2,4457
Birthplace.png,semantic_scan,919,879,95,80,4126,1922,277,2,3931
Birthplace.png,semantic_scan,819,883,97,76,4430,2125,160,2,3037
Birthplace.png,semantic_scan,224,897,80,104,4441,1929,527,2,3938
Birthplace.png,semantic_scan,314,911,76,113,5407,1924,814,2,4470
Birthplace.png,semantic_scan,696,943,61,135,4998,1777,307,2,3976
Birthplace.png,semantic_scan,157,953,58,142,5563,2180,611,2,4961
Birthplace.png,semantic_scan,857,959,133,62,4898,2159,690,2,4418
Birthplace.png,semantic_scan,400,965,95,104,4712,2084,0,2,2656
Birthplace.png,semantic_scan,3,979,68,128,5043,2021,0,2,2527
Birthplace.png,semantic_scan,79,981,72,140,5957,2323,555,2,5486
Birthplace.png,semantic_scan,797,995,60,141,5586,2180,595,2,4956
Birthplace.png,semantic_scan,857,1024,142,60,5659,2166,499,2,4960
Birthplace.png,semantic_scan,323,1031,77,122,5025,2031,0,2,2638
Birthplace.png,semantic_scan,506,1036,99,99,4700,1990,609,2,4084
Birthplace.png,semantic_scan,423,1069,77,126,4907,1970,593,2,4101
Birthplace.png,semantic_scan,694,1081,100,90,4448,1870,591,2,3884
Birthplace.png,semantic_scan,629,1087,62,142,5626,2184,573,2,4966
Birthplace.png,semantic_scan,909,1087,60,140,5550,2745,0,2,4443
Birthplace.png,semantic_scan,160,1098,76,141,5952,2294,563,2,5462
Birthplace.png,semantic_scan,0,1110,76,139,5934,2294,551,2,5446
Birthplace.png,semantic_scan,89,1124,71,143,5975,2331,564,2,5449
Birthplace.png,semantic_scan,521,1138,105,94,4985,1869,531,2,3928
Birthplace.png,semantic_scan,801,1139,105,89,4467,1930,543,2,3893
Birthplace.png,semantic_scan,241,1143,76,142,5926,2294,540,2,5446
Birthplace.png,semantic_scan,341,1156,76,142,5969,2294,531,2,5442
Birthplace.png,semantic_scan,694,1174,104,95,4738,2136,122,2,2953
Birthplace.png,semantic_scan,433,1201,85,126,5077,1806,434,2,4050
Birthplace.png,semantic_scan,814,1231,165,271,19644,6374,3745,2,18938
Birthplace.png,semantic_scan,518,1235,121,81,5095,2875,569,2,4596
Birthplace.png,semantic_scan,162,1239,76,139,5935,2294,540,2,5442
Birthplace.png,semantic_scan,642,1239,46,81,2266,1249,3,2,2850
Birthplace.png,semantic_scan,102,1267,60,141,5586,2180,590,2,4968
Birthplace.png,semantic_scan,255,1285,86,126,5002,1796,374,2,3970
Birthplace.png,semantic_scan,366,1298,63,142,5603,2173,621,2,5015
Birthplace.png,semantic_scan,535,1323,155,269,19502,6696,0,2,9952
Birthplace.png,semantic_scan,166,1384,85,125,5062,1809,429,2,4024
Birthplace.png,semantic_scan,366,1443,62,140,5946,2343,568,2,5305
Birthplace.png,semantic_scan,819,1505,165,273,19516,6643,717,2,10819
Birthplace.png,semantic_scan,274,1589,155,270,19579,6453,3306,2,18914
Birthplace.png,semantic_scan,551,1595,172,268,19342,6430,683,2,10888
Birthplace.png,semantic_scan,79,1598,81,109,4742,1920,512,2,3885
Birthplace.png,semantic_scan,93,1689,178,171,17649,1833,529,2,3984
Birthplace.png,semantic_scan,821,1781,175,264,18831,6265,584,2,10636
Birthplace.png,semantic_scan,274,1862,271,186,19415,6095,0,2,9047
Birthplace.png,semantic_scan,0,1863,271,185,19288,6282,0,2,9264
Birthplace.png,semantic_scan,551,1866,267,179,18878,5958,3213,2,17502
